rule,trades,fill_rate(%),win_rate(%),expect/trade(%),PF,Sharpe
market_open (baseline),261,100.0,62.07,2.925,2.79,0.34
wait 15min,261,100.0,57.85,2.543,2.45,0.29
wait 30min,261,100.0,54.79,2.096,2.04,0.24
limit -0.5% / skip,224,85.8,61.61,3.022,2.77,0.34
limit -1.0% / skip,203,77.8,60.1,3.002,2.78,0.34
limit -1.0% / market,261,100.0,53.64,1.515,1.57,0.16
first pullback -0.5%,222,85.1,66.67,4.004,3.94,0.45
first pullback -1.0%,202,77.4,65.84,3.857,3.86,0.43
volume confirm x2 @ 15min,0,0.0,0.0,0.0,0.0,0.0
